file,ROI,MaxDrawdown,neg_ROI,is_seed
results/xXxab6EcizZcsEBBlOZZ0dGotMW_results.txt,1.2884,0.1603,-1.2884,False
results/xXxSFAaK407Dv4LTMeStfv3ULeQ_results.txt,1.3988,0.1722,-1.3988,False
results/xXxLVw7kUWr04HBp6NfN94lnDJZ_results.txt,1.5753,0.1472,-1.5753,False
results/xXxnET8uiiLPumqVwAYaCbfPUUs_results.txt,1.4769,0.1478,-1.4769,False
results/xXxIvzAAyH3oAy8IpQgMRgPow0a_results.txt,1.3335,0.1599,-1.3335,False
results/xXxKfO0BoMvjJH2miJ9nEWDssgW_results.txt,1.3483,0.1809,-1.3483,False
results/xXx2KXUTWmKgxcvq5wBylsc9r6c_results.txt,1.6092,0.1429,-1.6092,False
results/xXxfZjJG2HKVlpLAkz0k4EBApD0_results.txt,1.3608,0.149,-1.3608,False
results/seed_results.txt,1.4648,0.1424,-1.4648,True
